Date,Value
1/1/17,55.00
1/2/17,65.00
1/3/17,66.00
1/4/17,43.00
1/5/17,33.00
1/6/17,25.00
1/7/17,23.00
1/8/17,31.00
1/9/17,45.00
1/10/17,58.00
1/11/17,69.00
1/12/17,71.00
1/13/17,49.00
1/14/17,70.00
1/15/17,58.00
1/16/17,72.00
1/17/17,66.00
1/18/17,51.00
1/19/17,60.00
1/20/17,69.00
1/21/17,70.00
1/22/17,67.00
1/23/17,56.00
1/24/17,56.00
1/25/17,60.00
1/26/17,52.00
1/27/17,46.00
1/28/17,54.00
1/29/17,41.00
1/30/17,54.00
1/31/17,70.00
2/1/17,61.00
2/2/17,49.00
2/3/17,44.00
2/4/17,49.00
2/5/17,60.00
2/6/17,62.00
2/7/17,64.00
2/8/17,69.00
2/9/17,40.00
2/10/17,65.00
2/11/17,70.00
2/12/17,72.00
2/13/17,57.00
2/14/17,46.00
2/15/17,51.00
2/16/17,60.00
2/17/17,71.00
2/18/17,57.00
2/19/17,70.00
2/20/17,77.00
2/21/17,71.00
2/22/17,71.00
2/23/17,75.00
2/24/17,81.00
2/25/17,62.00
2/26/17,57.00
2/27/17,63.00
2/28/17,69.00
3/1/17,72.00
3/2/17,55.00
3/3/17,51.00
3/4/17,69.00
3/5/17,69.00
3/6/17,70.00
3/7/17,67.00
3/8/17,70.00
3/9/17,77.00
3/10/17,57.00
3/11/17,40.00
3/12/17,52.00
3/13/17,48.00
3/14/17,40.00
3/15/17,41.00
3/16/17,51.00
3/17/17,64.00
3/18/17,67.00
3/19/17,61.00
3/20/17,84.00
3/21/17,79.00
3/22/17,59.00
3/23/17,72.00
3/24/17,75.00
3/25/17,76.00
3/26/17,75.00
3/27/17,78.00
3/28/17,74.00
3/29/17,82.00
3/30/17,80.00
3/31/17,64.00
4/1/17,60.00
4/2/17,82.00
4/3/17,74.00
4/4/17,81.00
4/5/17,84.00
4/6/17,60.00
4/7/17,64.00
4/8/17,72.00
4/9/17,81.00
4/10/17,81.00
4/11/17,81.00
4/12/17,79.00
4/13/17,86.00
4/14/17,89.00
4/15/17,86.00
4/16/17,85.00
4/17/17,79.00
4/18/17,78.00
4/19/17,83.00
4/20/17,85.00
4/21/17,74.00
4/22/17,60.00
4/23/17,53.00
4/24/17,70.00
4/25/17,77.00
4/26/17,83.00
4/27/17,74.00
4/28/17,84.00
4/29/17,91.00
4/30/17,84.00
5/1/17,69.00
5/2/17,79.00
5/3/17,79.00
5/4/17,65.00
5/5/17,54.00
5/6/17,71.00
5/7/17,73.00
5/8/17,82.00
5/9/17,85.00
5/10/17,85.00
5/11/17,84.00
5/12/17,73.00
5/13/17,76.00
5/14/17,85.00
5/15/17,87.00
5/16/17,89.00
5/17/17,89.00
5/18/17,89.00
5/19/17,91.00
5/20/17,91.00
5/21/17,84.00
5/22/17,76.00
5/23/17,80.00
5/24/17,67.00
5/25/17,75.00
5/26/17,88.00
5/27/17,83.00
5/28/17,81.00
5/29/17,83.00
5/30/17,85.00
5/31/17,87.00
6/1/17,88.00
6/2/17,88.00
6/3/17,89.00
6/4/17,84.00
6/5/17,76.00
6/6/17,83.00
6/7/17,80.00
6/8/17,77.00
6/9/17,82.00
6/10/17,87.00
6/11/17,91.00
6/12/17,92.00
6/13/17,93.00
6/14/17,94.00
6/15/17,88.00
6/16/17,88.00
6/17/17,91.00
6/18/17,90.00
6/19/17,87.00
6/20/17,90.00
6/21/17,88.00
6/22/17,83.00
6/23/17,87.00
6/24/17,86.00
6/25/17,85.00
6/26/17,83.00
6/27/17,85.00
6/28/17,88.00
6/29/17,89.00
6/30/17,90.00
7/1/17,92.00
7/2/17,86.00
7/3/17,88.00
7/4/17,87.00
7/5/17,82.00
7/6/17,91.00
7/7/17,90.00
7/8/17,91.00
7/9/17,91.00
7/10/17,93.00
7/11/17,95.00
7/12/17,94.00
7/13/17,93.00
7/14/17,91.00
7/15/17,86.00
7/16/17,91.00
7/17/17,92.00
7/18/17,94.00
7/19/17,96.00
7/20/17,97.00
7/21/17,98.00
7/22/17,98.00
7/23/17,96.00
7/24/17,94.00
7/25/17,96.00
7/26/17,96.00
7/27/17,92.00
7/28/17,88.00
7/29/17,84.00
7/30/17,88.00
7/31/17,91.00
8/1/17,87.00
8/2/17,88.00
8/3/17,90.00
8/4/17,85.00
8/5/17,83.00
8/6/17,91.00
8/7/17,81.00
8/8/17,85.00
8/9/17,88.00
8/10/17,90.00
8/11/17,90.00
8/12/17,88.00
8/13/17,88.00
8/14/17,81.00
8/15/17,90.00
8/16/17,92.00
8/17/17,91.00
8/18/17,89.00
8/19/17,93.00
8/20/17,96.00
8/21/17,95.00
8/22/17,92.00
8/23/17,84.00
8/24/17,84.00
8/25/17,84.00
8/26/17,85.00
8/27/17,91.00
8/28/17,76.00
8/29/17,87.00
8/30/17,85.00
8/31/17,81.00
9/1/17,73.00
9/2/17,80.00
9/3/17,86.00
9/4/17,88.00
9/5/17,77.00
9/6/17,74.00
9/7/17,74.00
9/8/17,79.00
9/9/17,81.00
9/10/17,80.00
9/11/17,67.00
9/12/17,65.00
9/13/17,64.00
9/14/17,83.00
9/15/17,86.00
9/16/17,88.00
9/17/17,90.00
9/18/17,89.00
9/19/17,85.00
9/20/17,92.00
9/21/17,92.00
9/22/17,92.00
9/23/17,92.00
9/24/17,91.00
9/25/17,91.00
9/26/17,91.00
9/27/17,92.00
9/28/17,82.00
9/29/17,81.00
9/30/17,77.00
10/1/17,83.00
10/2/17,81.00
10/3/17,86.00
10/4/17,84.00
10/5/17,84.00
10/6/17,85.00
10/7/17,85.00
10/8/17,77.00
10/9/17,84.00
10/10/17,84.00
10/11/17,75.00
10/12/17,65.00
10/13/17,79.00
10/14/17,86.00
10/15/17,83.00
10/16/17,67.00
10/17/17,70.00
10/18/17,74.00
10/19/17,77.00
10/20/17,79.00
10/21/17,79.00
10/22/17,81.00
10/23/17,72.00
10/24/17,64.00
10/25/17,59.00
10/26/17,74.00
10/27/17,72.00
10/28/17,50.00
10/29/17,48.00
10/30/17,71.00
10/31/17,59.00
11/1/17,66.00
11/2/17,72.00
11/3/17,73.00
11/4/17,80.00
11/5/17,82.00
11/6/17,72.00
11/7/17,60.00
11/8/17,57.00
11/9/17,63.00
11/10/17,52.00
11/11/17,62.00
11/12/17,57.00
11/13/17,52.00
11/14/17,60.00
11/15/17,59.00
11/16/17,60.00
11/17/17,66.00
11/18/17,68.00
11/19/17,48.00
11/20/17,55.00
11/21/17,61.00
11/22/17,49.00
11/23/17,55.00
11/24/17,64.00
11/25/17,67.00
11/26/17,62.00
11/27/17,65.00
11/28/17,68.00
11/29/17,69.00
11/30/17,65.00
12/1/17,61.00
12/2/17,66.00
12/3/17,66.00
12/4/17,70.00
12/5/17,64.00
12/6/17,48.00
12/7/17,46.00
12/8/17,35.00
12/9/17,39.00
12/10/17,49.00
12/11/17,60.00
12/12/17,49.00
12/13/17,51.00
12/14/17,48.00
12/15/17,42.00
12/16/17,53.00
12/17/17,48.00
12/18/17,55.00
12/19/17,58.00
12/20/17,54.00
12/21/17,57.00
12/22/17,60.00
12/23/17,69.00
12/24/17,43.00
12/25/17,33.00
12/26/17,42.00
12/27/17,29.00
12/28/17,36.00
12/29/17,40.00
12/30/17,38.00
12/31/17,26.00
1/1/18,23.00
1/2/18,27.00
1/3/18,37.00
1/4/18,24.00
1/5/18,31.00
1/6/18,30.00
1/7/18,46.00
1/8/18,43.00
1/9/18,49.00
1/10/18,66.00
1/11/18,69.00
1/12/18,62.00
1/13/18,26.00
1/14/18,29.00
1/15/18,48.00
1/16/18,26.00
1/17/18,22.00
1/18/18,37.00
1/19/18,49.00
1/20/18,65.00
1/21/18,69.00
1/22/18,63.00
1/23/18,51.00
1/24/18,51.00
1/25/18,59.00
1/26/18,62.00
1/27/18,61.00
1/28/18,59.00
1/29/18,51.00
1/30/18,40.00
1/31/18,59.00
2/1/18,54.00
2/2/18,32.00
2/3/18,51.00
2/4/18,52.00
2/5/18,39.00
2/6/18,43.00
2/7/18,44.00
2/8/18,47.00
2/9/18,66.00
2/10/18,58.00
2/11/18,63.00
2/12/18,39.00
2/13/18,60.00
2/14/18,64.00
2/15/18,77.00
2/16/18,70.00
2/17/18,48.00
2/18/18,61.00
2/19/18,76.00
2/20/18,80.00
2/21/18,74.00
2/22/18,63.00
2/23/18,82.00
2/24/18,79.00
2/25/18,57.00
2/26/18,65.00
2/27/18,69.00
2/28/18,59.00
3/1/18,63.00
3/2/18,57.00
3/3/18,58.00
3/4/18,65.00
3/5/18,57.00
3/6/18,66.00
3/7/18,43.00
3/8/18,43.00
3/9/18,62.00
3/10/18,67.00
3/11/18,54.00
3/12/18,49.00
3/13/18,52.00
3/14/18,50.00
3/15/18,72.00
3/16/18,73.00
3/17/18,80.00
3/18/18,62.00
3/19/18,69.00
3/20/18,56.00
3/21/18,51.00
3/22/18,57.00
3/23/18,60.00
3/24/18,64.00
3/25/18,51.00
3/26/18,60.00
3/27/18,72.00
3/28/18,72.00
3/29/18,63.00
3/30/18,59.00
3/31/18,70.00
4/1/18,60.00
4/2/18,82.00
4/3/18,74.00
4/4/18,81.00
4/5/18,84.00
4/6/18,60.00
4/7/18,64.00
4/8/18,72.00
4/9/18,81.00
4/10/18,81.00
4/11/18,81.00
4/12/18,79.00
4/13/18,86.00
4/14/18,89.00
4/15/18,86.00
4/16/18,85.00
4/17/18,79.00
4/18/18,78.00
4/19/18,83.00
4/20/18,85.00
4/21/18,74.00
4/22/18,60.00
4/23/18,53.00
4/24/18,70.00
4/25/18,77.00
4/26/18,83.00
4/27/18,74.00
4/28/18,84.00
4/29/18,91.00
4/30/18,84.00
5/1/18,84.00
5/2/18,86.00
5/3/18,87.00
5/4/18,78.00
5/5/18,71.00
5/6/18,83.00
5/7/18,83.00
5/8/18,83.00
5/9/18,88.00
5/10/18,89.00
5/11/18,89.00
5/12/18,90.00
5/13/18,91.00
5/14/18,92.00
5/15/18,93.00
5/16/18,87.00
5/17/18,83.00
5/18/18,84.00
5/19/18,88.00
5/20/18,92.00
5/21/18,87.00
5/22/18,87.00
5/23/18,89.00
5/24/18,90.00
5/25/18,91.00
5/26/18,84.00
5/27/18,90.00
5/28/18,85.00
5/29/18,81.00
5/30/18,88.00
5/31/18,90.00
6/1/18,86.00
6/2/18,92.00
6/3/18,87.00
6/4/18,84.00
6/5/18,85.00
6/6/18,90.00
6/7/18,91.00
6/8/18,93.00
6/9/18,94.00
6/10/18,88.00
6/11/18,92.00
6/12/18,91.00
6/13/18,85.00
6/14/18,93.00
6/15/18,94.00
6/16/18,96.00
6/17/18,96.00
6/18/18,93.00
6/19/18,92.00
6/20/18,87.00
6/21/18,86.00
6/22/18,85.00
6/23/18,85.00
6/24/18,92.00
6/25/18,93.00
6/26/18,94.00
6/27/18,93.00
6/28/18,84.00
6/29/18,91.00
6/30/18,94.00
7/1/18,94.00
7/2/18,93.00
7/3/18,95.00
7/4/18,99.00
7/5/18,98.00
7/6/18,91.00
7/7/18,87.00
7/8/18,88.00
7/9/18,92.00
7/10/18,91.00
7/11/18,96.00
7/12/18,94.00
7/13/18,94.00
7/14/18,96.00
7/15/18,83.00
7/16/18,93.00
7/17/18,94.00
7/18/18,92.00
7/19/18,94.00
7/20/18,94.00
7/21/18,91.00
7/22/18,81.00
7/23/18,87.00
7/24/18,87.00
7/25/18,92.00
7/26/18,93.00
7/27/18,92.00
7/28/18,89.00
7/29/18,92.00
7/30/18,94.00
7/31/18,88.00
8/1/18,85.00
8/2/18,88.00
8/3/18,92.00
8/4/18,95.00
8/5/18,92.00
8/6/18,96.00
8/7/18,95.00
8/8/18,90.00
8/9/18,88.00
8/10/18,84.00
8/11/18,93.00
8/12/18,91.00
8/13/18,91.00
8/14/18,92.00
8/15/18,95.00
8/16/18,87.00
8/17/18,89.00
8/18/18,88.00
8/19/18,89.00
8/20/18,86.00
8/21/18,82.00
8/22/18,85.00
8/23/18,83.00
8/24/18,86.00
8/25/18,91.00
8/26/18,93.00
8/27/18,94.00
8/28/18,95.00
8/29/18,94.00
8/30/18,92.00
8/31/18,91.00
9/1/18,90.00
9/2/18,95.00
9/3/18,94.00
9/4/18,95.00
9/5/18,87.00
9/6/18,91.00
9/7/18,93.00
9/8/18,92.00
9/9/18,81.00
9/10/18,69.00
9/11/18,72.00
9/12/18,87.00
9/13/18,93.00
9/14/18,94.00
9/15/18,94.00
9/16/18,86.00
9/17/18,88.00
9/18/18,95.00
9/19/18,96.00
9/20/18,97.00
9/21/18,91.00
9/22/18,83.00
9/23/18,75.00
9/24/18,76.00
9/25/18,84.00
9/26/18,76.00
9/27/18,68.00
9/28/18,78.00
9/29/18,81.00
9/30/18,88.00
10/1/18,83.00
10/2/18,83.00
10/3/18,89.00
10/4/18,91.00
10/5/18,92.00
10/6/18,90.00
10/7/18,89.00
10/8/18,88.00
10/9/18,85.00
10/10/18,85.00
10/11/18,74.00
10/12/18,67.00
10/13/18,61.00
10/14/18,69.00
10/15/18,69.00
10/16/18,55.00
10/17/18,70.00
10/18/18,65.00
10/19/18,76.00
10/20/18,68.00
10/21/18,58.00
10/22/18,65.00
10/23/18,72.00
10/24/18,66.00
10/25/18,59.00
10/26/18,57.00
10/27/18,53.00
10/28/18,77.00
10/29/18,67.00
10/30/18,77.00
10/31/18,77.00
11/1/18,71.00
11/2/18,56.00
11/3/18,64.00
11/4/18,64.00
11/5/18,72.00
11/6/18,71.00
11/7/18,57.00
11/8/18,58.00
11/9/18,52.00
11/10/18,41.00
11/11/18,53.00
11/12/18,49.00
11/13/18,44.00
11/14/18,37.00
11/15/18,37.00
11/16/18,58.00
11/17/18,65.00
11/18/18,65.00
11/19/18,60.00
11/20/18,47.00
11/21/18,54.00
11/22/18,61.00
11/23/18,54.00
11/24/18,65.00
11/25/18,63.00
11/26/18,48.00
11/27/18,38.00
11/28/18,40.00
11/29/18,61.00
11/30/18,66.00
12/1/18,63.00
12/2/18,71.00
12/3/18,48.00
12/4/18,42.00
12/5/18,42.00
12/6/18,47.00
12/7/18,44.00
12/8/18,40.00
12/9/18,39.00
12/10/18,45.00
12/11/18,50.00
12/12/18,55.00
12/13/18,63.00
12/14/18,56.00
12/15/18,56.00
12/16/18,59.00
12/17/18,61.00
12/18/18,54.00
12/19/18,60.00
12/20/18,49.00
12/21/18,47.00
12/22/18,52.00
12/23/18,45.00
12/24/18,49.00
12/25/18,53.00
12/26/18,56.00
12/27/18,62.00
12/28/18,63.00
12/29/18,46.00
12/30/18,60.00
12/31/18,68.00
1/1/19,57.00
1/2/19,48.00
1/3/19,45.00
1/4/19,59.00
1/5/19,60.00
1/6/19,65.00
1/7/19,65.00
1/8/19,71.00
1/9/19,48.00
1/10/19,37.00
1/11/19,44.00
1/12/19,50.00
1/13/19,47.00
1/14/19,38.00
1/15/19,38.00
1/16/19,47.00
1/17/19,49.00
1/18/19,49.00
1/19/19,61.00
1/20/19,30.00
1/21/19,32.00
1/22/19,56.00
1/23/19,56.00
1/24/19,42.00
1/25/19,38.00
1/26/19,49.00
1/27/19,55.00
1/28/19,58.00
1/29/19,34.00
1/30/19,28.00
1/31/19,43.00
2/1/19,59.00
2/2/19,67.00
2/3/19,70.00
2/4/19,68.00
2/5/19,73.00
2/6/19,70.00
2/7/19,78.00
2/8/19,43.00
2/9/19,43.00
2/10/19,47.00
2/11/19,60.00
2/12/19,62.00
2/13/19,54.00
2/14/19,60.00
2/15/19,57.00
2/16/19,44.00
2/17/19,49.00
2/18/19,43.00
2/19/19,43.00
2/20/19,56.00
2/21/19,54.00
2/22/19,52.00
2/23/19,68.00
2/24/19,67.00
2/25/19,53.00
2/26/19,66.00
2/27/19,74.00
2/28/19,53.00
3/1/19,44.00
3/2/19,43.00
3/3/19,43.00
3/4/19,33.00
3/5/19,39.00
3/6/19,42.00
3/7/19,47.00
3/8/19,52.00
3/9/19,67.00
3/10/19,68.00
3/11/19,63.00
3/12/19,63.00
3/13/19,77.00
3/14/19,75.00
3/15/19,60.00
3/16/19,58.00
3/17/19,64.00
3/18/19,55.00
3/19/19,59.00
3/20/19,67.00
3/21/19,62.00
3/22/19,69.00
3/23/19,65.00
3/24/19,72.00
3/25/19,69.00
3/26/19,58.00
3/27/19,68.00
3/28/19,74.00
3/29/19,72.00
3/30/19,74.00
3/31/19,52.00
4/1/19,55.00
4/2/19,64.00
4/3/19,73.00
4/4/19,70.00
4/5/19,64.00
4/6/19,79.00
4/7/19,75.00
4/8/19,67.00
4/9/19,81.00
4/10/19,84.00
4/11/19,85.00
4/12/19,75.00
4/13/19,64.00
4/14/19,76.00
4/15/19,67.00
4/16/19,79.00
4/17/19,81.00
4/18/19,78.00
4/19/19,60.00
4/20/19,50.00
4/21/19,75.00
4/22/19,83.00
4/23/19,82.00
4/24/19,83.00
4/25/19,77.00
4/26/19,73.00
4/27/19,77.00
4/28/19,70.00
4/29/19,86.00
4/30/19,87.00
5/1/19,86.00
5/2/19,85.00
5/3/19,77.00
5/4/19,74.00
5/5/19,69.00
5/6/19,80.00
5/7/19,85.00
5/8/19,89.00
5/9/19,78.00
5/10/19,75.00
5/11/19,70.00
5/12/19,67.00
5/13/19,67.00
5/14/19,73.00
5/15/19,69.00
5/16/19,88.00
5/17/19,89.00
5/18/19,90.00
5/19/19,83.00
5/20/19,87.00
5/21/19,91.00
5/22/19,92.00
5/23/19,91.00
5/24/19,93.00
5/25/19,93.00
5/26/19,93.00
5/27/19,93.00
5/28/19,93.00
5/29/19,94.00
5/30/19,86.00
5/31/19,87.00
6/1/19,88.00
6/2/19,91.00
6/3/19,85.00
6/4/19,87.00
6/5/19,94.00
6/6/19,79.00
6/7/19,80.00
6/8/19,84.00
6/9/19,87.00
6/10/19,84.00
6/11/19,77.00
6/12/19,81.00
6/13/19,78.00
6/14/19,82.00
6/15/19,89.00
6/16/19,92.00
6/17/19,90.00
6/18/19,86.00
6/19/19,89.00
6/20/19,85.00
6/21/19,91.00
6/22/19,91.00
6/23/19,93.00
6/24/19,85.00
6/25/19,90.00
6/26/19,91.00
6/27/19,89.00
6/28/19,91.00
6/29/19,92.00
6/30/19,94.00
7/1/19,93.00
7/2/19,93.00
7/3/19,92.00
7/4/19,91.00
7/5/19,91.00
7/6/19,93.00
7/7/19,93.00
7/8/19,94.00
7/9/19,96.00
7/10/19,93.00
7/11/19,95.00
7/12/19,93.00
7/13/19,95.00
7/14/19,87.00
7/15/19,86.00
7/16/19,92.00
7/17/19,90.00
7/18/19,91.00
7/19/19,96.00
7/20/19,97.00
7/21/19,90.00
7/22/19,90.00
7/23/19,83.00
7/24/19,85.00
7/25/19,86.00
7/26/19,90.00
7/27/19,91.00
7/28/19,93.00
7/29/19,92.00
7/30/19,91.00
7/31/19,91.00
8/1/19,92.00
8/2/19,92.00
8/3/19,92.00
8/4/19,87.00
8/5/19,91.00
8/6/19,92.00
8/7/19,91.00
8/8/19,90.00
8/9/19,92.00
8/10/19,93.00
8/11/19,94.00
8/12/19,95.00
8/13/19,97.00
8/14/19,92.00
8/15/19,91.00
8/16/19,91.00
8/17/19,93.00
8/18/19,96.00
8/19/19,96.00
8/20/19,96.00
8/21/19,96.00
8/22/19,90.00
8/23/19,90.00
8/24/19,86.00
8/25/19,85.00
8/26/19,77.00
8/27/19,88.00
8/28/19,88.00
8/29/19,86.00
8/30/19,92.00
8/31/19,92.00
9/1/19,91.00
9/2/19,93.00
9/3/19,94.00
9/4/19,97.00
9/5/19,87.00
9/6/19,93.00
9/7/19,88.00
9/8/19,89.00
9/9/19,95.00
9/10/19,99.00
9/11/19,98.00
9/12/19,97.00
9/13/19,99.00
9/14/19,94.00
9/15/19,97.00
9/16/19,99.00
9/17/19,96.00
9/18/19,95.00
9/19/19,91.00
9/20/19,89.00
9/21/19,92.00
9/22/19,92.00
9/23/19,89.00
9/24/19,85.00
9/25/19,92.00
9/26/19,82.00
9/27/19,95.00
9/28/19,94.00
9/29/19,97.00
9/30/19,98.00
10/1/19,91.00
10/2/19,93.00
10/3/19,94.00
10/4/19,97.00
10/5/19,87.00
10/6/19,93.00
10/7/19,88.00
10/8/19,89.00
10/9/19,95.00
10/10/19,99.00
10/11/19,98.00
10/12/19,97.00
10/13/19,99.00
10/14/19,94.00
10/15/19,97.00
10/16/19,99.00
10/17/19,96.00
10/18/19,95.00
10/19/19,91.00
10/20/19,89.00
10/21/19,92.00
10/22/19,92.00
10/23/19,89.00
10/24/19,85.00
10/25/19,92.00
10/26/19,82.00
10/27/19,95.00
10/28/19,94.00
10/29/19,97.00
10/30/19,98.00
10/31/19,69.00
11/1/19,53.00
11/2/19,58.00
11/3/19,60.00
11/4/19,65.00
11/5/19,64.00
11/6/19,74.00
11/7/19,59.00
11/8/19,44.00
11/9/19,57.00
11/10/19,69.00
11/11/19,64.00
11/12/19,29.00
11/13/19,44.00
11/14/19,55.00
11/15/19,50.00
11/16/19,57.00
11/17/19,57.00
11/18/19,53.00
11/19/19,65.00
11/20/19,60.00
11/21/19,64.00
11/22/19,61.00
11/23/19,51.00
11/24/19,55.00
11/25/19,65.00
11/26/19,64.00
11/27/19,67.00
11/28/19,50.00
11/29/19,54.00
11/30/19,65.00
12/1/19,65.00
12/2/19,42.00
12/3/19,47.00
12/4/19,61.00
12/5/19,64.00
12/6/19,58.00
12/7/19,58.00
12/8/19,63.00
12/9/19,68.00
12/10/19,63.00
12/11/19,49.00
12/12/19,56.00
12/13/19,50.00
12/14/19,53.00
12/15/19,61.00
12/16/19,64.00
12/17/19,45.00
12/18/19,37.00
12/19/19,49.00
12/20/19,53.00
12/21/19,55.00
12/22/19,51.00
12/23/19,69.00
12/24/19,70.00
12/25/19,69.00
12/26/19,64.00
12/27/19,65.00
12/28/19,73.00
12/29/19,67.00
12/30/19,54.00
12/31/19,51.00
1/1/20,52.00
1/2/20,54.00
1/3/20,59.00
1/4/20,55.00
1/5/20,56.00
1/6/20,55.00
1/7/20,54.00
1/8/20,60.00
1/9/20,62.00
1/10/20,68.00
1/11/20,71.00
1/12/20,53.00
1/13/20,57.00
1/14/20,63.00
1/15/20,70.00
1/16/20,55.00
1/17/20,53.00
1/18/20,57.00
1/19/20,40.00
1/20/20,25.00
1/21/20,37.00
1/22/20,47.00
1/23/20,49.00
1/24/20,53.00
1/25/20,40.00
1/26/20,50.00
1/27/20,59.00
1/28/20,47.00
1/29/20,48.00
1/30/20,50.00
1/31/20,50.00
2/1/20,71.00
2/2/20,72.00
2/3/20,65.00
2/4/20,59.00
2/5/20,47.00
2/6/20,36.00
2/7/20,52.00
2/8/20,65.00
2/9/20,57.00
2/10/20,49.00
2/11/20,59.00
2/12/20,51.00
2/13/20,34.00
2/14/20,54.00
2/15/20,61.00
2/16/20,69.00
2/17/20,60.00
2/18/20,54.00
2/19/20,43.00
2/20/20,44.00
2/21/20,54.00
2/22/20,58.00
2/23/20,54.00
2/24/20,56.00
2/25/20,47.00
2/26/20,48.00
2/27/20,51.00
2/28/20,51.00
3/1/20,70.00
3/2/20,62.00
3/3/20,68.00
3/4/20,65.00
3/5/20,68.00
3/6/20,56.00
3/7/20,56.00
3/8/20,69.00
3/9/20,67.00
3/10/20,71.00
3/11/20,59.00
3/12/20,74.00
3/13/20,67.00
3/14/20,54.00
3/15/20,46.00
3/16/20,54.00
3/17/20,57.00
3/18/20,70.00
3/19/20,79.00
3/20/20,73.00
3/21/20,52.00
3/22/20,61.00
3/23/20,61.00
3/24/20,63.00
3/25/20,61.00
3/26/20,83.00
3/27/20,84.00
3/28/20,83.00
3/29/20,75.00
3/30/20,66.00
3/31/20,57.00
4/1/20,60.00
4/2/20,68.00
4/3/20,74.00
4/4/20,77.00
4/5/20,80.00
4/6/20,83.00
4/7/20,81.00
4/8/20,85.00
4/9/20,68.00
4/10/20,58.00
4/11/20,71.00
4/12/20,66.00
4/13/20,66.00
4/14/20,52.00
4/15/20,62.00
4/16/20,65.00
4/17/20,77.00
4/18/20,58.00
4/19/20,66.00
4/20/20,73.00
4/21/20,74.00
4/22/20,71.00
4/23/20,72.00
4/24/20,72.00
4/25/20,66.00
4/26/20,55.00
4/27/20,73.00
4/28/20,80.00
4/29/20,71.00
4/30/20,69.00
5/1/20,79.00
5/2/20,85.00
5/3/20,85.00
5/4/20,80.00
5/5/20,73.00
5/6/20,62.00
5/7/20,72.00
5/8/20,59.00
5/9/20,64.00
5/10/20,73.00
5/11/20,66.00
5/12/20,63.00
5/13/20,70.00
5/14/20,86.00
5/15/20,84.00
5/16/20,87.00
5/17/20,82.00
5/18/20,76.00
5/19/20,73.00
5/20/20,72.00
5/21/20,76.00
5/22/20,79.00
5/23/20,87.00
5/24/20,88.00
5/25/20,91.00
5/26/20,84.00
5/27/20,77.00
5/28/20,84.00
5/29/20,83.00
5/30/20,83.00
5/31/20,81.00
6/1/20,85.00
6/2/20,91.00
6/3/20,91.00
6/4/20,87.00
6/5/20,91.00
6/6/20,94.00
6/7/20,95.00
6/8/20,90.00
6/9/20,90.00
6/10/20,94.00
6/11/20,86.00
6/12/20,89.00
6/13/20,91.00
6/14/20,83.00
6/15/20,83.00
6/16/20,83.00
6/17/20,82.00
6/18/20,87.00
6/19/20,92.00
6/20/20,95.00
6/21/20,80.00
6/22/20,88.00
6/23/20,88.00
6/24/20,88.00
6/25/20,88.00
6/26/20,88.00
6/27/20,88.00
6/28/20,94.00
6/29/20,94.00
6/30/20,83.00
7/1/20,84.00
7/2/20,93.00
7/3/20,94.00
7/4/20,96.00
7/5/20,93.00
7/6/20,92.00
7/7/20,94.00
7/8/20,95.00
7/9/20,94.00
7/10/20,95.00
7/11/20,93.00
7/12/20,89.00
7/13/20,91.00
7/14/20,92.00
7/15/20,95.00
7/16/20,95.00
7/17/20,95.00
7/18/20,98.00
7/19/20,98.00
7/20/20,98.00
7/21/20,97.00
7/22/20,91.00
7/23/20,94.00
7/24/20,92.00
7/25/20,94.00
7/26/20,93.00
7/27/20,95.00
7/28/20,96.00
7/29/20,91.00
7/30/20,91.00
7/31/20,90.00
8/1/20,82.00
8/2/20,86.00
8/3/20,89.00
8/4/20,84.00
8/5/20,87.00
8/6/20,89.00
8/7/20,90.00
8/8/20,94.00
8/9/20,95.00
8/10/20,97.00
8/11/20,92.00
8/12/20,90.00
8/13/20,94.00
8/14/20,88.00
8/15/20,90.00
8/16/20,91.00
8/17/20,91.00
8/18/20,91.00
8/19/20,85.00
8/20/20,89.00
8/21/20,79.00
8/22/20,85.00
8/23/20,88.00
8/24/20,92.00
8/25/20,93.00
8/26/20,89.00
8/27/20,90.00
8/28/20,84.00
8/29/20,92.00
8/30/20,88.00
8/31/20,86.00
9/1/20,88.00
9/2/20,90.00
9/3/20,89.00
9/4/20,87.00
9/5/20,87.00
9/6/20,88.00
9/7/20,90.00
9/8/20,90.00
9/9/20,91.00
9/10/20,92.00
9/11/20,92.00
9/12/20,91.00
9/13/20,76.00
9/14/20,84.00
9/15/20,85.00
9/16/20,86.00
9/17/20,86.00
9/18/20,77.00
9/19/20,77.00
9/20/20,80.00
9/21/20,77.00
9/22/20,75.00
9/23/20,69.00
9/24/20,67.00
9/25/20,76.00
9/26/20,80.00
9/27/20,83.00
9/28/20,73.00
9/29/20,70.00
9/30/20,79.00
10/1/20,75.00
10/2/20,68.00
10/3/20,71.00
10/4/20,75.00
10/5/20,70.00
10/6/20,80.00
10/7/20,84.00
10/8/20,80.00
10/9/20,73.00
10/10/20,71.00
10/11/20,76.00
10/12/20,83.00
10/13/20,74.00
10/14/20,83.00
10/15/20,76.00
10/16/20,63.00
10/17/20,67.00
10/18/20,67.00
10/19/20,79.00
10/20/20,81.00
10/21/20,85.00
10/22/20,86.00
10/23/20,85.00
10/24/20,54.00
10/25/20,64.00
10/26/20,59.00
10/27/20,67.00
10/28/20,66.00
10/29/20,75.00
10/30/20,57.00
10/31/20,68.00
11/1/20,63.00
11/2/20,56.00
11/3/20,69.00
11/4/20,73.00
11/5/20,71.00
11/6/20,74.00
11/7/20,80.00
11/8/20,81.00
11/9/20,83.00
11/10/20,79.00
11/11/20,70.00
11/12/20,66.00
11/13/20,66.00
11/14/20,73.00
11/15/20,69.00
11/16/20,63.00
11/17/20,56.00
11/18/20,59.00
11/19/20,68.00
11/20/20,71.00
11/21/20,74.00
11/22/20,67.00
11/23/20,54.00
11/24/20,64.00
11/25/20,67.00
11/26/20,59.00
11/27/20,62.00
11/28/20,57.00
11/29/20,52.00
11/30/20,43.00
12/1/20,42.00
12/2/20,49.00
12/3/20,58.00
12/4/20,47.00
12/5/20,56.00
12/6/20,58.00
12/7/20,42.00
12/8/20,45.00
12/9/20,66.00
12/10/20,71.00
12/11/20,66.00
12/12/20,68.00
12/13/20,53.00
12/14/20,41.00
12/15/20,46.00
12/16/20,44.00
12/17/20,41.00
12/18/20,45.00
12/19/20,52.00
12/20/20,51.00
12/21/20,60.00
12/22/20,56.00
12/23/20,61.00
12/24/20,51.00
12/25/20,27.00
12/26/20,51.00
12/27/20,62.00
12/28/20,57.00
12/29/20,52.00
12/30/20,68.00
12/31/20,45.00
1/1/21,75.00
1/2/21,53.00
1/3/21,50.00
1/4/21,58.00
1/5/21,52.00
1/6/21,48.00
1/7/21,41.00
1/8/21,39.00
1/9/21,35.00
1/10/21,40.00
1/11/21,35.00
1/12/21,43.00
1/13/21,50.00
1/14/21,58.00
1/15/21,51.00
1/16/21,43.00
1/17/21,51.00
1/18/21,54.00
1/19/21,61.00
1/20/21,50.00
1/21/21,49.00
1/22/21,52.00
1/23/21,48.00
1/24/21,54.00
1/25/21,68.00
1/26/21,67.00
1/27/21,44.00
1/28/21,40.00
1/29/21,46.00
1/30/21,52.00
1/31/21,58.00
2/1/21,41.00
2/2/21,42.00
2/3/21,46.00
2/4/21,55.00
2/5/21,50.00
2/6/21,50.00
2/7/21,41.00
2/8/21,49.00
2/9/21,57.00
2/10/21,63.00
2/11/21,37.00
2/12/21,31.00
2/13/21,30.00
2/14/21,26.00
2/15/21,26.00
2/16/21,18.00
2/17/21,28.00
2/18/21,31.00
2/19/21,36.00
2/20/21,42.00
2/21/21,56.00
2/22/21,57.00
2/23/21,70.00
2/24/21,75.00
2/25/21,62.00
2/26/21,60.00
2/27/21,61.00
2/28/21,75.00
3/1/21,58.00
3/2/21,55.00
3/3/21,64.00
3/4/21,69.00
3/5/21,50.00
3/6/21,56.00
3/7/21,63.00
3/8/21,70.00
3/9/21,73.00
3/10/21,74.00
3/11/21,76.00
3/12/21,71.00
3/13/21,57.00
3/14/21,67.00
3/15/21,68.00
3/16/21,79.00
3/17/21,66.00
3/18/21,65.00
3/19/21,54.00
3/20/21,67.00
3/21/21,69.00
3/22/21,71.00
3/23/21,67.00
3/24/21,77.00
3/25/21,73.00
3/26/21,74.00
3/27/21,66.00
3/28/21,64.00
3/29/21,65.00
3/30/21,77.00
3/31/21,64.00
4/1/21,49.00
4/2/21,53.00
4/3/21,66.00
4/4/21,75.00
4/5/21,79.00
4/6/21,82.00
4/7/21,82.00
4/8/21,77.00
4/9/21,84.00
4/10/21,72.00
4/11/21,73.00
4/12/21,79.00
4/13/21,74.00
4/14/21,61.00
4/15/21,64.00
4/16/21,66.00
4/17/21,65.00
4/18/21,66.00
4/19/21,72.00
4/20/21,75.00
4/21/21,54.00
4/22/21,63.00
4/23/21,63.00
4/24/21,67.00
4/25/21,72.00
4/26/21,80.00
4/27/21,84.00
4/28/21,74.00
4/29/21,71.00
4/30/21,78.00
5/1/21,80.00
5/2/21,74.00
5/3/21,82.00
5/4/21,80.00
5/5/21,68.00
5/6/21,72.00
5/7/21,71.00
5/8/21,68.00
5/9/21,73.00
5/10/21,60.00
5/11/21,72.00
5/12/21,69.00
5/13/21,72.00
5/14/21,75.00
5/15/21,79.00
5/16/21,80.00
5/17/21,80.00
5/18/21,76.00
5/19/21,84.00
5/20/21,86.00
5/21/21,86.00
5/22/21,87.00
5/23/21,91.00
5/24/21,91.00
5/25/21,93.00
5/26/21,83.00
5/27/21,87.00
5/28/21,81.00
5/29/21,62.00
5/30/21,74.00
5/31/21,81.00
6/1/21,79.00
6/2/21,74.00
6/3/21,83.00
6/4/21,85.00
6/5/21,90.00
6/6/21,81.00
6/7/21,85.00
6/8/21,85.00
6/9/21,81.00
6/10/21,86.00
6/11/21,88.00
6/12/21,95.00
6/13/21,96.00
6/14/21,95.00
6/15/21,86.00
6/16/21,89.00
6/17/21,92.00
6/18/21,92.00
6/19/21,87.00
6/20/21,93.00
6/21/21,89.00
6/22/21,81.00
6/23/21,84.00
6/24/21,92.00
6/25/21,87.00
6/26/21,91.00
6/27/21,94.00
6/28/21,93.00
6/29/21,96.00
6/30/21,93.00
7/1/21,85.00
7/2/21,86.00
7/3/21,86.00
7/4/21,90.00
7/5/21,94.00
7/6/21,95.00
7/7/21,85.00
7/8/21,91.00
7/9/21,93.00
7/10/21,91.00
7/11/21,83.00
7/12/21,87.00
7/13/21,84.00
7/14/21,92.00
7/15/21,94.00
7/16/21,93.00
7/17/21,89.00
7/18/21,88.00
7/19/21,86.00
7/20/21,90.00
7/21/21,91.00
7/22/21,91.00
7/23/21,91.00
7/24/21,94.00
7/25/21,97.00
7/26/21,93.00
7/27/21,95.00
7/28/21,96.00
7/29/21,95.00
7/30/21,95.00
7/31/21,93.00
8/1/21,84.00
8/2/21,86.00
8/3/21,87.00
8/4/21,87.00
8/5/21,89.00
8/6/21,85.00
8/7/21,89.00
8/8/21,91.00
8/9/21,95.00
8/10/21,96.00
8/11/21,97.00
8/12/21,95.00
8/13/21,92.00
8/14/21,91.00
8/15/21,84.00
8/16/21,84.00
8/17/21,89.00
8/18/21,90.00
8/19/21,86.00
8/20/21,87.00
8/21/21,85.00
8/22/21,91.00
8/23/21,95.00
8/24/21,96.00
8/25/21,98.00
8/26/21,96.00
8/27/21,94.00
8/28/21,94.00
8/29/21,93.00
8/30/21,85.00
8/31/21,76.00
9/1/21,86.00
9/2/21,84.00
9/3/21,86.00
9/4/21,88.00
9/5/21,78.00
9/6/21,85.00
9/7/21,87.00
9/8/21,87.00
9/9/21,83.00
9/10/21,83.00
9/11/21,86.00
9/12/21,88.00
9/13/21,91.00
9/14/21,91.00
9/15/21,82.00
9/16/21,86.00
9/17/21,79.00
9/18/21,76.00
9/19/21,74.00
9/20/21,74.00
9/21/21,83.00
9/22/21,71.00
9/23/21,73.00
9/24/21,76.00